,Method,PB,AUCC,Silhouette,Noise,Penalty
0,HDBSCAN_5,-0.8140717860594233,0.9901416490086854,0.9835675,87,0.9901449932034436
