,Method,PB,AUCC,Silhouette,Noise,Penalty
0,HDBSCAN_5,-0.813405890244914,0.9913636868399576,0.98329985,76,0.991391028545537
