,Method,Silhouette,PBIndex,AUCC,GammaIndex,Noise,Penalty
0,HDBSCAN_{m}.png,-0.036293104,-0.3704697737085416,0.9041899085525185,0,821,0.906894987525516
1,OPTICS_{m}.png,0.037920177,-0.3728961587117189,0.8904628690323301,0,958,0.8913585847130868
2,FOSC_{m}_{lm},0.34077638,-0.6935781020921177,0.9427400495478596,0,24,0.9972782943978227
3,FOSC_{m}_{lm},0.76219535,-0.382413573212606,0.8650455659376888,0,93,0.9894533907915627
4,FOSC_{m}_{lm},0.2593913,-0.5256197859351498,0.8264160634419312,0,0,1.0
5,FOSC_{m}_{lm},0.5733752,-0.4189242084308605,0.9745772347317949,0,35,0.9960308459968247
6,FOSC_{m}_{lm},0.6631051,-0.4128090193537978,0.9644012195433058,0,49,0.9944431843955546
